[
    {"provincia": "Talagante", "id": 342, "nombre": "Peñaflor"}, 
    {"provincia": "Talagante", "id": 341, "nombre": "Padre Hurtado"}, 
    {"provincia": "Talagante", "id": 340, "nombre": "Isla de Maipo"}, 
    {"provincia": "Talagante", "id": 339, "nombre": "El Monte"}, 
    {"provincia": "Talagante", "id": 338, "nombre": "Talagante"}, 
    {"provincia": "Melipilla", "id": 337, "nombre": "San Pedro"}, 
    {"provincia": "Melipilla", "id": 336, "nombre": "María Pinto"}, 
    {"provincia": "Melipilla", "id": 335, "nombre": "Curacaví"}, 
    {"provincia": "Melipilla", "id": 334, "nombre": "Alhué"}, 
    {"provincia": "Melipilla", "id": 333, "nombre": "Melipilla"}, 
    {"provincia": "Maipo", "id": 332, "nombre": "Paine"}, 
    {"provincia": "Maipo", "id": 331, "nombre": "Calera de Tango"}, 
    {"provincia": "Maipo", "id": 330, "nombre": "Buin"}, 
    {"provincia": "Maipo", "id": 329, "nombre": "San Bernardo"}, 
    {"provincia": "Chacabuco", "id": 328, "nombre": "Tiltil"}, 
    {"provincia": "Chacabuco", "id": 327, "nombre": "Lampa"}, 
    {"provincia": "Chacabuco", "id": 326, "nombre": "Colina"}, 
    {"provincia": "Cordillera", "id": 325, "nombre": "San José de Maipo"}, 
    {"provincia": "Cordillera", "id": 324, "nombre": "Pirque"}, 
    {"provincia": "Cordillera", "id": 323, "nombre": "Puente Alto"}, 
    {"provincia": "Santiago", "id": 322, "nombre": "Vitacura"}, 
    {"provincia": "Santiago", "id": 321, "nombre": "San Ramón"}, 
    {"provincia": "Santiago", "id": 320, "nombre": "San Miguel"}, 
    {"provincia": "Santiago", "id": 319, "nombre": "San Joaquín"}, 
    {"provincia": "Santiago", "id": 318, "nombre": "Renca"}, 
    {"provincia": "Santiago", "id": 317, "nombre": "Recoleta"}, 
    {"provincia": "Santiago", "id": 316, "nombre": "Quinta Normal"}, 
    {"provincia": "Santiago", "id": 315, "nombre": "Quilicura"}, 
    {"provincia": "Santiago", "id": 314, "nombre": "Pudahuel"}, 
    {"provincia": "Santiago", "id": 313, "nombre": "Providencia"}, 
    {"provincia": "Santiago", "id": 312, "nombre": "Peñalolén"}, 
    {"provincia": "Santiago", "id": 311, "nombre": "Pedro Aguirre Cerda"}, 
    {"provincia": "Santiago", "id": 310, "nombre": "Ñuñoa"}, 
    {"provincia": "Santiago", "id": 309, "nombre": "Maipú"}, 
    {"provincia": "Santiago", "id": 308, "nombre": "Macul"}, 
    {"provincia": "Santiago", "id": 307, "nombre": "Lo Prado"}, 
    {"provincia": "Santiago", "id": 306, "nombre": "Lo Espejo"}, 
    {"provincia": "Santiago", "id": 305, "nombre": "Lo Barnechea"}, 
    {"provincia": "Santiago", "id": 304, "nombre": "Las Condes"}, 
    {"provincia": "Santiago", "id": 303, "nombre": "La Reina"}, 
    {"provincia": "Santiago", "id": 302, "nombre": "La Pintana"}, 
    {"provincia": "Santiago", "id": 301, "nombre": "La Granja"}, 
    {"provincia": "Santiago", "id": 300, "nombre": "La Florida"}, 
    {"provincia": "Santiago", "id": 299, "nombre": "La Cisterna"}, 
    {"provincia": "Santiago", "id": 298, "nombre": "Independencia"}, 
    {"provincia": "Santiago", "id": 297, "nombre": "Huechuraba"}, 
    {"provincia": "Santiago", "id": 296, "nombre": "Estación Central"}, 
    {"provincia": "Santiago", "id": 295, "nombre": "El Bosque"}, 
    {"provincia": "Santiago", "id": 294, "nombre": "Conchalí"}, 
    {"provincia": "Santiago", "id": 293, "nombre": "Cerro Navia"}, 
    {"provincia": "Santiago", "id": 292, "nombre": "Cerrillos"}, 
    {"provincia": "Santiago", "id": 291, "nombre": "Santiago"}, 
    {"provincia": "Última Esperanza", "id": 290, "nombre": "Torres del Paine"}, 
    {"provincia": "Última Esperanza", "id": 289, "nombre": "Natales"}, 
    {"provincia": "Tierra del Fuego", "id": 288, "nombre": "Timaukel"}, 
    {"provincia": "Tierra del Fuego", "id": 287, "nombre": "Primavera"}, 
    {"provincia": "Tierra del Fuego", "id": 286, "nombre": "Porvenir"}, 
    {"provincia": "Antártica Chilena", "id": 285, "nombre": "Antártica"}, 
    {"provincia": "Antártica Chilena", "id": 284, "nombre": "Cabo de Hornos"}, 
    {"provincia": "Magallanes", "id": 283, "nombre": "San Gregorio"}, 
    {"provincia": "Magallanes", "id": 282, "nombre": "Río Verde"}, 
    {"provincia": "Magallanes", "id": 281, "nombre": "Laguna Blanca"}, 
    {"provincia": "Magallanes", "id": 280, "nombre": "Punta Arenas"}, 
    {"provincia": "General Carrera", "id": 279, "nombre": "Río Ibáñez"}, 
    {"provincia": "General Carrera", "id": 278, "nombre": "Chile Chico"}, 
    {"provincia": "Capitán Prat", "id": 277, "nombre": "Tortel"}, 
    {"provincia": "Capitán Prat", "id": 276, "nombre": "O'Higgins"}, 
    {"provincia": "Capitán Prat", "id": 275, "nombre": "Cochrane"}, 
    {"provincia": "Aysén", "id": 274, "nombre": "Guaitecas"}, 
    {"provincia": "Aysén", "id": 273, "nombre": "Cisnes"}, 
    {"provincia": "Aysén", "id": 272, "nombre": "Aysén"}, 
    {"provincia": "Coyhaique", "id": 271, "nombre": "Lago Verde"}, 
    {"provincia": "Coyhaique", "id": 270, "nombre": "Coihaique"}, 
    {"provincia": "Palena", "id": 269, "nombre": "Palena"}, 
    {"provincia": "Palena", "id": 268, "nombre": "Hualaihué"}, 
    {"provincia": "Palena", "id": 267, "nombre": "Futaleufú"}, 
    {"provincia": "Palena", "id": 266, "nombre": "Chaitén"}, 
    {"provincia": "Chiloé", "id": 265, "nombre": "San Pablo"}, 
    {"provincia": "Chiloé", "id": 264, "nombre": "San Juan de la Costa"}, 
    {"provincia": "Chiloé", "id": 263, "nombre": "Río Negro"}, 
    {"provincia": "Chiloé", "id": 262, "nombre": "Puyehue"}, 
    {"provincia": "Chiloé", "id": 261, "nombre": "Purranque"}, 
    {"provincia": "Chiloé", "id": 260, "nombre": "Puerto Octay"}, 
    {"provincia": "Osorno", "id": 259, "nombre": "Osorno"}, 
    {"provincia": "Chiloé", "id": 258, "nombre": "Quinchao"}, 
    {"provincia": "Chiloé", "id": 257, "nombre": "Quemchi"}, 
    {"provincia": "Chiloé", "id": 256, "nombre": "Quellón"}, 
    {"provincia": "Chiloé", "id": 255, "nombre": "Queilén"}, 
    {"provincia": "Chiloé", "id": 254, "nombre": "Puqueldón"}, 
    {"provincia": "Chiloé", "id": 253, "nombre": "Dalcahue"}, 
    {"provincia": "Chiloé", "id": 252, "nombre": "Curaco de Vélez"}, 
    {"provincia": "Chiloé", "id": 251, "nombre": "Chonchi"}, 
    {"provincia": "Chiloé", "id": 250, "nombre": "Ancud"}, 
    {"provincia": "Chiloé", "id": 249, "nombre": "Castro"}, 
    {"provincia": "Llanquihue", "id": 248, "nombre": "Puerto Varas"}, 
    {"provincia": "Llanquihue", "id": 247, "nombre": "Maullín"}, 
    {"provincia": "Llanquihue", "id": 246, "nombre": "Llanquihue"}, 
    {"provincia": "Llanquihue", "id": 245, "nombre": "Los Muermos"}, 
    {"provincia": "Llanquihue", "id": 244, "nombre": "Frutillar"}, 
    {"provincia": "Llanquihue", "id": 243, "nombre": "Fresia"}, 
    {"provincia": "Llanquihue", "id": 242, "nombre": "Cochamó"}, 
    {"provincia": "Llanquihue", "id": 241, "nombre": "Calbuco"}, 
    {"provincia": "Llanquihue", "id": 240, "nombre": "Puerto Montt"}, 
    {"provincia": "Ranco", "id": 239, "nombre": "Río Bueno"}, 
    {"provincia": "Ranco", "id": 238, "nombre": "Lago Ranco"}, 
    {"provincia": "Ranco", "id": 237, "nombre": "Futrono"}, 
    {"provincia": "Ranco", "id": 236, "nombre": "La Unión"}, 
    {"provincia": "Valdivia", "id": 235, "nombre": "Panguipulli"}, 
    {"provincia": "Valdivia", "id": 234, "nombre": "Paillaco"}, 
    {"provincia": "Valdivia", "id": 233, "nombre": "Mariquina"}, 
    {"provincia": "Valdivia", "id": 232, "nombre": "Máfil"}, 
    {"provincia": "Valdivia", "id": 231, "nombre": "Los Lagos"}, 
    {"provincia": "Valdivia", "id": 230, "nombre": "Lanco"}, 
    {"provincia": "Valdivia", "id": 229, "nombre": "Corral"}, 
    {"provincia": "Valdivia", "id": 228, "nombre": "Valdivia"}, 
    {"provincia": "Malleco", "id": 227, "nombre": "Victoria"}, 
    {"provincia": "Malleco", "id": 226, "nombre": "Traiguén"}, 
    {"provincia": "Malleco", "id": 225, "nombre": "Renaico"}, 
    {"provincia": "Malleco", "id": 224, "nombre": "Purén"}, 
    {"provincia": "Malleco", "id": 223, "nombre": "Lumaco"}, 
    {"provincia": "Malleco", "id": 222, "nombre": "Los Sauces"}, 
    {"provincia": "Malleco", "id": 221, "nombre": "Lonquimay"}, 
    {"provincia": "Malleco", "id": 220, "nombre": "Ercilla"}, 
    {"provincia": "Malleco", "id": 219, "nombre": "Curacautín"}, 
    {"provincia": "Malleco", "id": 218, "nombre": "Collipulli"}, 
    {"provincia": "Malleco", "id": 217, "nombre": "Angol"}, 
    {"provincia": "Cautín", "id": 216, "nombre": "Cholchol"}, 
    {"provincia": "Cautín", "id": 215, "nombre": "Villarrica"}, 
    {"provincia": "Cautín", "id": 214, "nombre": "Vilcún"}, 
    {"provincia": "Cautín", "id": 213, "nombre": "Toltén"}, 
    {"provincia": "Cautín", "id": 212, "nombre": "Teodoro Schmidt"}, 
    {"provincia": "Cautín", "id": 211, "nombre": "Saavedra"}, 
    {"provincia": "Cautín", "id": 210, "nombre": "Pucón"}, 
    {"provincia": "Cautín", "id": 209, "nombre": "Pitrufquén"}, 
    {"provincia": "Cautín", "id": 208, "nombre": "Perquenco"}, 
    {"provincia": "Cautín", "id": 207, "nombre": "Padre Las Casas"}, 
    {"provincia": "Cautín", "id": 206, "nombre": "Nueva Imperial"}, 
    {"provincia": "Cautín", "id": 205, "nombre": "Melipeuco"}, 
    {"provincia": "Cautín", "id": 204, "nombre": "Loncoche"}, 
    {"provincia": "Cautín", "id": 203, "nombre": "Lautaro"}, 
    {"provincia": "Cautín", "id": 202, "nombre": "Gorbea"}, 
    {"provincia": "Cautín", "id": 201, "nombre": "Galvarino"}, 
    {"provincia": "Cautín", "id": 200, "nombre": "Freire"}, 
    {"provincia": "Cautín", "id": 199, "nombre": "Curarrehue"}, 
    {"provincia": "Cautín", "id": 198, "nombre": "Cunco"}, 
    {"provincia": "Cautín", "id": 197, "nombre": "Carahue"}, 
    {"provincia": "Cautín", "id": 196, "nombre": "Temuco"}, 
    {"provincia": "BiobÃ­o", "id": 195, "nombre": "Alto Biobío"}, 
    {"provincia": "Biobío", "id": 194, "nombre": "Yumbel"}, 
    {"provincia": "Biobío", "id": 193, "nombre": "Tucapel"}, 
    {"provincia": "BiobÃ­o", "id": 192, "nombre": "Santa Bárbara"}, 
    {"provincia": "Biobío", "id": 191, "nombre": "San Rosendo"}, 
    {"provincia": "Biobío", "id": 190, "nombre": "Quilleco"}, 
    {"provincia": "Biobío", "id": 189, "nombre": "Quilaco"}, 
    {"provincia": "Biobío", "id": 188, "nombre": "Negrete"}, 
    {"provincia": "Biobío", "id": 187, "nombre": "Nacimiento"}, 
    {"provincia": "BiobÃ­o", "id": 186, "nombre": "Mulchén"}, 
    {"provincia": "Biobío", "id": 185, "nombre": "Laja"}, 
    {"provincia": "Biobío", "id": 184, "nombre": "Cabrero"}, 
    {"provincia": "Biobío", "id": 183, "nombre": "Antuco"}, 
    {"provincia": "BiobÃ­o", "id": 182, "nombre": "Los Ángeles"}, 
    {"provincia": "Arauco", "id": 181, "nombre": "Tirúa"}, 
    {"provincia": "Arauco", "id": 180, "nombre": "Los Álamos"}, 
    {"provincia": "Arauco", "id": 179, "nombre": "Curanilahue"}, 
    {"provincia": "Arauco", "id": 178, "nombre": "Contulmo"}, 
    {"provincia": "Arauco", "id": 177, "nombre": "Cañete"}, 
    {"provincia": "Arauco", "id": 176, "nombre": "Arauco"}, 
    {"provincia": "Arauco", "id": 175, "nombre": "Lebu"}, 
    {"provincia": "Concepción", "id": 174, "nombre": "Hualpén"}, 
    {"provincia": "Concepción", "id": 173, "nombre": "Tomé"}, 
    {"provincia": "Concepción", "id": 172, "nombre": "Talcahuano"}, 
    {"provincia": "Concepción", "id": 171, "nombre": "Santa Juana"}, 
    {"provincia": "Concepción", "id": 170, "nombre": "San Pedro de la Paz"}, 
    {"provincia": "Concepción", "id": 169, "nombre": "Penco"}, 
    {"provincia": "Concepción", "id": 168, "nombre": "Lota"}, 
    {"provincia": "Concepción", "id": 167, "nombre": "Hualqui"}, 
    {"provincia": "Concepción", "id": 166, "nombre": "Florida"}, 
    {"provincia": "Concepción", "id": 165, "nombre": "Chiguayante"}, 
    {"provincia": "Concepción", "id": 164, "nombre": "Coronel"}, 
    {"provincia": "Concepción", "id": 163, "nombre": "Concepción"}, 
    {"provincia": "Punilla", "id": 162, "nombre": "San Nico"}, 
    {"provincia": "Punilla", "id": 161, "nombre": "San Fabián"}, 
    {"provincia": "Punilla", "id": 160, "nombre": "Coihueco"}, 
    {"provincia": "Punilla", "id": 159, "nombre": "Ñiquén"}, 
    {"provincia": "Punilla", "id": 158, "nombre": "San Carlos"}, 
    {"provincia": "Itata", "id": 157, "nombre": "Ránqui"}, 
    {"provincia": "Itata", "id": 156, "nombre": "Portezuelo"}, 
    {"provincia": "Itata", "id": 155, "nombre": "Coelemu"}, 
    {"provincia": "Itata", "id": 154, "nombre": "Treguaco"}, 
    {"provincia": "Itata", "id": 153, "nombre": "Ninhue"}, 
    {"provincia": "Itata", "id": 152, "nombre": "Cobquecura"}, 
    {"provincia": "Itata", "id": 151, "nombre": "Quirihue"}, 
    {"provincia": "Diguillín", "id": 150, "nombre": "Yungay"}, 
    {"provincia": "Diguillín", "id": 149, "nombre": "Pemuco"}, 
    {"provincia": "Diguillín", "id": 148, "nombre": "Pinto"}, 
    {"provincia": "Diguillín", "id": 147, "nombre": "El Carmen"}, 
    {"provincia": "Diguillín", "id": 146, "nombre": "San Ignacio"}, 
    {"provincia": "Diguillín", "id": 145, "nombre": "Bulnes"}, 
    {"provincia": "Diguillín", "id": 144, "nombre": "Quillón"}, 
    {"provincia": "Diguillín", "id": 143, "nombre": "Chillán Viejo"}, 
    {"provincia": "Diguillín", "id": 142, "nombre": "Chillán"}, 
    {"provincia": "Linares", "id": 141, "nombre": "Yerbas Buenas"}, 
    {"provincia": "Linares", "id": 140, "nombre": "Villa Alegre"}, 
    {"provincia": "Linares", "id": 139, "nombre": "San Javier"}, 
    {"provincia": "Linares", "id": 138, "nombre": "Retiro"}, 
    {"provincia": "Linares", "id": 137, "nombre": "Parral"}, 
    {"provincia": "Linares", "id": 136, "nombre": "Longaví"}, 
    {"provincia": "Linares", "id": 135, "nombre": "Colbún"}, 
    {"provincia": "Linares", "id": 134, "nombre": "Linares"}, 
    {"provincia": "Curicó", "id": 133, "nombre": "Vichuquén"}, 
    {"provincia": "Curicó", "id": 132, "nombre": "Teno"}, 
    {"provincia": "Curicó", "id": 131, "nombre": "Sagrada Familia"}, 
    {"provincia": "Curicó", "id": 130, "nombre": "Romeral"}, 
    {"provincia": "Curicó", "id": 129, "nombre": "Rauco"}, 
    {"provincia": "Curicó", "id": 128, "nombre": "Molina"}, 
    {"provincia": "Curicó", "id": 127, "nombre": "Licantén"}, 
    {"provincia": "Curicó", "id": 126, "nombre": "Hualañé"}, 
    {"provincia": "Curicó", "id": 125, "nombre": "Curicó"}, 
    {"provincia": "Cauquenes", "id": 124, "nombre": "Pelluhue"}, 
    {"provincia": "Cauquenes", "id": 123, "nombre": "Chanco"}, 
    {"provincia": "Cauquenes", "id": 122, "nombre": "Cauquenes"}, 
    {"provincia": "Talca", "id": 121, "nombre": "San Rafael"}, 
    {"provincia": "Talca", "id": 120, "nombre": "San Clemente"}, 
    {"provincia": "Talca", "id": 119, "nombre": "Río Claro"}, 
    {"provincia": "Talca", "id": 118, "nombre": "Pencahue"}, 
    {"provincia": "Talca", "id": 117, "nombre": "Pelarco"}, 
    {"provincia": "Talca", "id": 116, "nombre": "Maule"}, 
    {"provincia": "Talca", "id": 115, "nombre": "Empedrado"}, 
    {"provincia": "Talca", "id": 114, "nombre": "Curepto"}, 
    {"provincia": "Talca", "id": 113, "nombre": "Constitución"}, 
    {"provincia": "Talca", "id": 112, "nombre": "Talca"}, 
    {"provincia": "Colchagua", "id": 111, "nombre": "Santa Cruz"}, 
    {"provincia": "Colchagua", "id": 110, "nombre": "Pumanque"}, 
    {"provincia": "Colchagua", "id": 109, "nombre": "Placilla"}, 
    {"provincia": "Colchagua", "id": 108, "nombre": "Peralillo"}, 
    {"provincia": "Colchagua", "id": 107, "nombre": "Palmilla"}, 
    {"provincia": "Colchagua", "id": 106, "nombre": "Nancagua"}, 
    {"provincia": "Colchagua", "id": 105, "nombre": "Lolol"}, 
    {"provincia": "Colchagua", "id": 104, "nombre": "Chimbarongo"}, 
    {"provincia": "Colchagua", "id": 103, "nombre": "Chépica"}, 
    {"provincia": "Colchagua", "id": 102, "nombre": "San Fernando"}, 
    {"provincia": "Cardenal Caro", "id": 101, "nombre": "Paredones"}, 
    {"provincia": "Cardenal Caro", "id": 100, "nombre": "Navidad"}, 
    {"provincia": "Cardenal Caro", "id": 99, "nombre": "Marichihue"}, 
    {"provincia": "Cardenal Caro", "id": 98, "nombre": "Litueche"}, 
    {"provincia": "Cardenal Caro", "id": 97, "nombre": "La Estrella"}, 
    {"provincia": "Cardenal Caro", "id": 96, "nombre": "Pichilemu"}, 
    {"provincia": "Cachapoal", "id": 95, "nombre": "San Vicente"}, 
    {"provincia": "Cachapoal", "id": 94, "nombre": "Requínoa"}, 
    {"provincia": "Cachapoal", "id": 93, "nombre": "Rengo"}, 
    {"provincia": "Cachapoal", "id": 92, "nombre": "Quinta de Tilcoco"}, 
    {"provincia": "Cachapoal", "id": 91, "nombre": "Pichidegua"}, 
    {"provincia": "Cachapoal", "id": 90, "nombre": "Peumo"}, 
    {"provincia": "Cachapoal", "id": 89, "nombre": "Olivar"}, 
    {"provincia": "Cachapoal", "id": 88, "nombre": "Mostazal"}, 
    {"provincia": "Cachapoal", "id": 87, "nombre": "Malloa"}, 
    {"provincia": "Cachapoal", "id": 86, "nombre": "Machalí"}, 
    {"provincia": "Cachapoal", "id": 85, "nombre": "Las Cabras"}, 
    {"provincia": "Cachapoal", "id": 84, "nombre": "Graneros"}, 
    {"provincia": "Cachapoal", "id": 83, "nombre": "Doñihue"}, 
    {"provincia": "Cachapoal", "id": 82, "nombre": "Coltauco"}, 
    {"provincia": "Cachapoal", "id": 81, "nombre": "Coinco"}, 
    {"provincia": "Cachapoal", "id": 80, "nombre": "Codegua"}, 
    {"provincia": "Cachapoal", "id": 79, "nombre": "Rancagua"}, 
    {"provincia": "Marga Marga", "id": 78, "nombre": "Villa Alemana"}, 
    {"provincia": "Marga Marga", "id": 77, "nombre": "Olmué"}, 
    {"provincia": "Marga Marga", "id": 76, "nombre": "Limache"}, 
    {"provincia": "Marga Marga", "id": 75, "nombre": "Quilpué"}, 
    {"provincia": "San Felipe de Aconcagua", "id": 74, "nombre": "Santa María"}, 
    {"provincia": "San Felipe de Aconcagua", "id": 73, "nombre": "Putaendo"}, 
    {"provincia": "San Felipe de Aconcagua", "id": 72, "nombre": "Panquehue"}, 
    {"provincia": "San Felipe de Aconcagua", "id": 71, "nombre": "Llaillay"}, 
    {"provincia": "San Felipe de Aconcagua", "id": 70, "nombre": "Catemu"}, 
    {"provincia": "San Felipe de Aconcagua", "id": 69, "nombre": "San Felipe"}, 
    {"provincia": "San Antonio", "id": 68, "nombre": "Santo Domingo"}, 
    {"provincia": "San Antonio", "id": 67, "nombre": "El Tabo"}, 
    {"provincia": "San Antonio", "id": 66, "nombre": "El Quisco"}, 
    {"provincia": "San Antonio", "id": 65, "nombre": "Cartagena"}, 
    {"provincia": "San Antonio", "id": 64, "nombre": "Algarrobo"}, 
    {"provincia": "San Antonio", "id": 63, "nombre": "San Antonio"}, 
    {"provincia": "Quillota", "id": 62, "nombre": "Nogales"}, 
    {"provincia": "Quillota", "id": 61, "nombre": "La Cruz"}, 
    {"provincia": "Quillota", "id": 60, "nombre": "Hijuelas"}, 
    {"provincia": "Quillota", "id": 59, "nombre": "La Calera"}, 
    {"provincia": "Quillota", "id": 58, "nombre": "Quillota"}, 
    {"provincia": "Petorca", "id": 57, "nombre": "Zapallar"}, 
    {"provincia": "Petorca", "id": 56, "nombre": "Petorca"}, 
    {"provincia": "Petorca", "id": 55, "nombre": "Papudo"}, 
    {"provincia": "Petorca", "id": 54, "nombre": "Cabildo"}, 
    {"provincia": "Petorca", "id": 53, "nombre": "La Ligua"}, 
    {"provincia": "Los Andes", "id": 52, "nombre": "San Esteban"}, 
    {"provincia": "Los Andes", "id": 51, "nombre": "Riconada"}, 
    {"provincia": "Los Andes", "id": 50, "nombre": "Calle Larga"}, 
    {"provincia": "Los Andes", "id": 49, "nombre": "Los Andes"}, 
    {"provincia": "Isla de Pascua", "id": 48, "nombre": "Isla de Pascua"}, 
    {"provincia": "Valparaíso", "id": 47, "nombre": "Viña del Mar"}, 
    {"provincia": "Valparaíso", "id": 46, "nombre": "Quintero"}, 
    {"provincia": "Valparaíso", "id": 45, "nombre": "Puchuncaví"}, 
    {"provincia": "Valparaíso", "id": 44, "nombre": "Juan Fernández"}, 
    {"provincia": "Valparaíso", "id": 43, "nombre": "Concón"}, 
    {"provincia": "Valparaíso", "id": 42, "nombre": "Casablanca"}, 
    {"provincia": "Valparaíso", "id": 41, "nombre": "Valparaíso"}, 
    {"provincia": "Limarí", "id": 40, "nombre": "Río Hurtado"}, 
    {"provincia": "Limarí", "id": 39, "nombre": "Punitaqui"}, 
    {"provincia": "Limarí", "id": 38, "nombre": "Monte Patria"}, 
    {"provincia": "Limarí", "id": 37, "nombre": "Combarbalá"}, 
    {"provincia": "Limarí", "id": 36, "nombre": "Ovalle"}, 
    {"provincia": "Choapa", "id": 35, "nombre": "Salamanca"}, 
    {"provincia": "Choapa", "id": 34, "nombre": "Los Vilos"}, 
    {"provincia": "Choapa", "id": 33, "nombre": "Canela"}, 
    {"provincia": "Choapa", "id": 32, "nombre": "Illapel"}, 
    {"provincia": "Elqui", "id": 31, "nombre": "Vicuña"}, 
    {"provincia": "Elqui", "id": 30, "nombre": "Paiguano"}, 
    {"provincia": "Elqui", "id": 29, "nombre": "La Higuera"}, 
    {"provincia": "Elqui", "id": 28, "nombre": "Andacollo"}, 
    {"provincia": "Elqui", "id": 27, "nombre": "Coquimbo"}, 
    {"provincia": "Elqui", "id": 26, "nombre": "La Serena"}, 
    {"provincia": "Chañaral", "id": 25, "nombre": "Diego de Almagro"}, 
    {"provincia": "Chañaral", "id": 24, "nombre": "Chañaral"}, 
    {"provincia": "Copiapó", "id": 23, "nombre": "Tierra Amarilla"}, 
    {"provincia": "Copiapó", "id": 22, "nombre": "Caldera"}, 
    {"provincia": "Copiapó", "id": 21, "nombre": "Copiapó"}, 
    {"provincia": "Tocopilla", "id": 20, "nombre": "María Elena"}, 
    {"provincia": "Tocopilla", "id": 19, "nombre": "Tocopilla"}, 
    {"provincia": "El Loa", "id": 18, "nombre": "San Pedro de Atacama"}, 
    {"provincia": "El Loa", "id": 17, "nombre": "Ollagüe"}, 
    {"provincia": "El Loa", "id": 16, "nombre": "Calama"}, 
    {"provincia": "Antofagasta", "id": 15, "nombre": "Taltal"}, 
    {"provincia": "Antofagasta", "id": 14, "nombre": "Sierra Gorda"}, 
    {"provincia": "Antofagasta", "id": 13, "nombre": "Mejillones"}, 
    {"provincia": "Antofagasta", "id": 12, "nombre": "Antofagasta"}, 
    {"provincia": "Tamarugal", "id": 11, "nombre": "Pica"}, 
    {"provincia": "Tamarugal", "id": 10, "nombre": "Huara"}, 
    {"provincia": "Tamarugal", "id": 9, "nombre": "Colchane"}, 
    {"provincia": "Tamarugal", "id": 8, "nombre": "Camiña"}, 
    {"provincia": "Tamarugal", "id": 7, "nombre": "Pozo Almonte"}, 
    {"provincia": "Iquique", "id": 6, "nombre": "Alto Hospicio"}, 
    {"provincia": "Iquique", "id": 5, "nombre": "Iquique"}, 
    {"provincia": "Parinacota", "id": 4, "nombre": "General Lagos"}, 
    {"provincia": "Parinacota", "id": 3, "nombre": "Putre"}, 
    {"provincia": "Arica", "id": 2, "nombre": "Camarones"}, 
    {"provincia": "Arica", "id": 1, "nombre": "Arica"}]