[
    {"region": "Región del Ñuble", "id": 58, "nombre": "Punilla"}, 
    {"region": "Región del Ñuble", "id": 57, "nombre": "Itata"}, 
    {"region": "Región del Ñuble", "id": 56, "nombre": "Diguillín"}, 
    {"region": "Región de Arica y Parinacota", "id": 55, "nombre": "Parinacota"}, 
    {"region": "Región de Arica y Parinacota", "id": 54, "nombre": "Arica"}, 
    {"region": "Regiónn de los Rí­os", "id": 53, "nombre": "Ranco"}, 
    {"region": "Regiónn de los Rí­os", "id": 52, "nombre": "Valdivia"}, 
    {"region": "Región Metropolitana", "id": 51, "nombre": "Talagante"}, 
    {"region": "Región Metropolitana", "id": 50, "nombre": "Melipilla"}, 
    {"region": "Región Metropolitana", "id": 49, "nombre": "Maipo"}, 
    {"region": "Región Metropolitana", "id": 48, "nombre": "Chacabuco"}, 
    {"region": "Región Metropolitana", "id": 47, "nombre": "Cordillera"}, 
    {"region": "Región Metropolitana", "id": 46, "nombre": "Santiago"}, 
    {"region": "Región de Magallanes", "id": 45, "nombre": "Última Esperanza"}, 
    {"region": "Región de Magallanes", "id": 44, "nombre": "Tierra del Fuego"}, 
    {"region": "Región de Magallanes", "id": 43, "nombre": "Antártica Chilena"}, 
    {"region": "Región de Magallanes", "id": 42, "nombre": "Magallanes"}, 
    {"region": "Región de Aysén", "id": 41, "nombre": "General Carrera"}, 
    {"region": "Región de Aysén", "id": 40, "nombre": "Capitán Prat"}, 
    {"region": "Región de Aysén", "id": 39, "nombre": "Aysén"}, 
    {"region": "Región de Aysén", "id": 38, "nombre": "Coyhaique"}, 
    {"region": "Región de Los Lagos", "id": 37, "nombre": "Calbuco"}, 
    {"region": "Región de Los Lagos", "id": 36, "nombre": "Palena"}, 
    {"region": "Región de Los Lagos", "id": 35, "nombre": "Osorno"}, 
    {"region": "Región de Los Lagos", "id": 34, "nombre": "Chiloé"}, 
    {"region": "Región de Los Lagos", "id": 33, "nombre": "Llanquihue"}, 
    {"region": "Región de la Araucaní­a", "id": 32, "nombre": "Malleco"}, 
    {"region": "Región de la Araucaní­a", "id": 31, "nombre": "Cautín"}, 
    {"region": "Región del Bí­oBí­o", "id": 29, "nombre": "BiobÃ­o"}, 
    {"region": "Región del Bí­oBí­o", "id": 28, "nombre": "Arauco"}, 
    {"region": "Región del Bí­oBí­o", "id": 27, "nombre": "Concepción"}, 
    {"region": "Región del Maule", "id": 26, "nombre": "Linares"}, 
    {"region": "Región del Maule", "id": 25, "nombre": "Curicó"}, 
    {"region": "Región del Maule", "id": 24, "nombre": "Cauquenes"}, 
    {"region": "Región del Maule", "id": 23, "nombre": "Talca"}, 
    {"region": "Región de O'Higgins", "id": 22, "nombre": "Colchagua"}, 
    {"region": "Región de O'Higgins", "id": 21, "nombre": "Cardenal Caro"}, 
    {"region": "Región de O'Higgins", "id": 20, "nombre": "Cachapoal"}, 
    {"region": "Región de Valparaíso", "id": 19, "nombre": "Marga Marga"}, 
    {"region": "Región de Valparaíso", "id": 18, "nombre": "San Felipe de Aconcagua"}, 
    {"region": "Región de Valparaíso", "id": 17, "nombre": "San Antonio"}, 
    {"region": "Región de Valparaíso", "id": 16, "nombre": "Quillota"}, 
    {"region": "Región de Valparaíso", "id": 15, "nombre": "Petorca"}, 
    {"region": "Región de Valparaíso", "id": 14, "nombre": "Los Andes"}, 
    {"region": "Región de Valparaíso", "id": 13, "nombre": "Isla de Pascua"}, 
    {"region": "Región de Valparaíso", "id": 12, "nombre": "Valparaíso"}, 
    {"region": "Región de Coquimbo", "id": 11, "nombre": "Limarí"}, 
    {"region": "Región de Coquimbo", "id": 10, "nombre": "Choapa"}, 
    {"region": "Región de Coquimbo", "id": 9, "nombre": "Elqui"}, 
    {"region": "Región de Atacama", "id": 8, "nombre": "Huasco"}, 
    {"region": "Región de Atacama", "id": 7, "nombre": "Chañaral"}, 
    {"region": "Región de Atacama", "id": 6, "nombre": "Copiapó"}, 
    {"region": "Región de Antofagasta", "id": 5, "nombre": "Tocopilla"}, 
    {"region": "Región de Antofagasta", "id": 4, "nombre": "El Loa"}, 
    {"region": "Región de Antofagasta", "id": 3, "nombre": "Antofagasta"}, 
    {"region": "Región de Tarapacá", "id": 2, "nombre": "Tamarugal"}, 
    {"region": "Región de Tarapacá", "id": 1, "nombre": "Iquique"}]